state,link,bill_name,category,status
Alaska,https://www.akleg.gov/basis/Bill/Detail/33?Root=HB27#tab1_4,HB 27,Schools & Education,"Referred to committee, 01/19/2023"
Alaska,https://www.akleg.gov/basis/Bill/Detail/33?Root=HB105,HB 105,Schools & Education,"First read and referred to committee, 03/08/2023"
Alaska,https://www.akleg.gov/basis/Bill/Detail/33?Root=SB96,SB 96,Schools & Education,"First read and referred to committee, 03/08/2023"
Arizona,https://apps.azleg.gov/BillStatus/BillOverview/78081,SB 1028,Free Speech & Expression,"Passed Senate; House second read, 03/22/2023"
Arizona,https://apps.azleg.gov/BillStatus/BillOverview/78075,SB 1026,Free Speech & Expression,"Passed Senate; House second read, 03/09/2023"
Arizona,https://apps.azleg.gov/BillStatus/BillOverview/78033,SB 1001,Schools & Education,"Passed Senate; House second read, 03/08/2023"
Arizona,https://apps.azleg.gov/BillStatus/BillOverview/78083,SB 1030,Free Speech & Expression,"Passed Senate; House second read, 03/21/2023"
Arizona,https://apps.azleg.gov/BillStatus/BillOverview/78110,SB 1040,Schools & Education,"Passed Senate; House committee hearing, 03/28/2023"
Arizona,https://apps.azleg.gov/BillStatus/BillOverview/79387,SB 1702,Healthcare,"Second read, 02/02/2023"
Arizona,https://apps.azleg.gov/BillStatus/BillOverview/79379,SB 1700,Schools & Education,"Passed Senate; House second read, 03/22/2023"
Arizona,https://apps.azleg.gov/BillStatus/BillOverview/79377,SB 1698,Free Speech & Expression,"Passed Senate; House second read, 03/08/2023"
Arizona,https://apps.azleg.gov/BillStatus/BillOverview/79077,SB 1417,Other Anti-LGBTQ Bills,"Passed Senate; House second read, 02/28/2023"
Arizona,https://apps.azleg.gov/BillStatus/BillOverview/79362,SB 1694,Other Anti-LGBTQ Bills,"Passed Senate; House first read, 03/22/2023"
Arizona,https://apps.azleg.gov/BillStatus/BillOverview/79576,HB 2711,Schools & Education,"Second read, 02/08/2023"
Arkansas,https://www.arkleg.state.ar.us/Bills/Detail?id=HB1156&ddBienniumSession=2023/2023R,HB 1156,Schools & Education,"Enacted, 03/21/2023"
Arkansas,https://www.arkleg.state.ar.us/Bills/Detail?id=SB43&ddBienniumSession=2023/2023R,SB 43,Free Speech & Expression,"Became law, 02/27/2023"
Arkansas,https://www.arkleg.state.ar.us/Bills/Detail?id=SB125&ddBienniumSession=2023/2023R,SB 125,Schools & Education,"Senate hearing, 03/28/2023"
Arkansas,https://www.arkleg.state.ar.us/Bills/Detail?id=SB199&ddBienniumSession=2023/2023R,SB 199,Healthcare,"Became act without Governor’s signature, 03/16/2023"
Arkansas,https://www.arkleg.state.ar.us/Bills/Detail?id=SB270&ddBienniumSession=2023/2023R,SB 270,Other Anti-LGBTQ Bills,"Passed Senate; House committee hearing, 03/28/2023"
Arkansas,,HB 1468,Schools & Education,"Passed House; Senate second read and referred to committee, 03/27/2023"
Arkansas,https://www.arkleg.state.ar.us/Bills/Detail?id=SB294&ddBienniumSession=2023/2023R,SB 294,Schools & Education,"Became act without Governor's signature, 03/14/2023"
Arkansas,https://www.arkleg.state.ar.us/Bills/Detail?id=HB1615&ddBienniumSession=2023/2023R,HB 1615,Civil Rights,"Engrossed as amended, 03/28/2023"
California,https://leginfo.legislature.ca.gov/faces/billNavClient.xhtml?bill_id=202320240AB1314,AB 1314,Schools & Education,"Re-referred to committee, 03/13/2023"
Colorado,https://leg.colorado.gov/bills/HB23-1098,HB 23-1098,Schools & Education,"Postponed indefinitely by committee, 02/13/2023"
Connecticut,https://www.cga.ct.gov/asp/cgabillstatus/cgabillstatus.asp?selBillType=Bill&bill_num=HB6213&which_year=2023,HB 6213,Schools & Education,"Referred to committee, 01/19/2023"
Connecticut,https://www.cga.ct.gov/asp/cgabillstatus/cgabillstatus.asp?selBillType=Bill&bill_num=SB468&which_year=2023,SB 468,Schools & Education,"Referred to committee, 01/18/2023"
Florida,https://www.flsenate.gov/Session/Bill/2023/0991/ByVersion,HB 991,Other Anti-LGBTQ Bills,"Referred to committee, 03/14/2023"
Florida,https://www.flsenate.gov/Session/Bill/2023/1069/ByVersion,HB 1069,Schools & Education,"First read as amended by committee and added to calendar, 03/30/2023"
Florida,https://www.flsenate.gov/Session/Bill/2023/1223/ByVersion,HB 1223,Schools & Education,"Referred to committee, 03/16/2023"
Florida,https://www.flsenate.gov/Session/Bill/2023/1320/ByVersion,SB 1320,Schools & Education,"Referred to committee as amended, 03/22/2023"
Florida,https://www.flsenate.gov/Session/Bill/2023/0999/ByVersion,HB 999,Schools & Education,"Referred to committee, 03/16/2023"
Florida,https://www.flsenate.gov/Session/Bill/2023/0266/ByVersion,SB 266,Schools & Education,"First read as amended, 03/21/2023"
Florida,https://www.flsenate.gov/Session/Bill/2023/0254/ByVersion,SB 254,Healthcare,"Placed on Special Order Calendar, 03/30/2023"
Florida,https://www.flsenate.gov/Session/Bill/2023/1421/ByVersion,HB 1421,Healthcare,"Committee substitute filed, 03/28/2023"
Florida,https://www.flsenate.gov/Session/Bill/2023/1674/ByVersion,SB 1674,Schools & Education,"Committee hearing, 03/30/2023"
Florida,https://www.flsenate.gov/Session/Bill/2023/1521/ByVersion,HB 1521,Other Anti-LGBTQ Bills,"Added to subcommittee agenda, 03/24/2023"
Georgia,https://www.legis.ga.gov/legislation/63991,SB 88,Schools & Education,"Senate read and referred, 02/06/2023"
Georgia,https://www.legis.ga.gov/legislation/64228,SB 141,Schools & Education,"First read and referred to committee, 02/13/2023"
Georgia,https://www.legis.ga.gov/legislation/64231,SB 140,Healthcare,"Governor signed, 03/23/2023"
Georgia,https://www.legis.ga.gov/legislation/64416,SB 180,Civil Rights,"First read and referred to committee, 02/15/2023"
Georgia,https://www.legis.ga.gov/legislation/64991,HB 653,Schools & Education,"House second read, 03/06/2023"
Hawaii,https://www.capitol.hawaii.gov/session/measure_indiv.aspx?billtype=HB&billnumber=509&year=2023,HB 509,Schools & Education,"Referred to committee, 01/27/2023"
Hawaii,https://www.capitol.hawaii.gov/session/measure_indiv.aspx?billtype=HB&billnumber=508&year=2023,HB 508,Schools & Education,"Referred to committee, 01/27/2023"
Hawaii,https://www.capitol.hawaii.gov/session/measure_indiv.aspx?billtype=HB&billnumber=891&year=2023,HB 891,Healthcare,"Referred to committee, 01/30/2023"
Hawaii,https://www.capitol.hawaii.gov/session/measure_indiv.aspx?billtype=SB&billnumber=1429&year=2023,SB 1429,Schools & Education,"Referred to committee, 01/30/2023"
Idaho,https://legislature.idaho.gov/sessioninfo/2023/legislation/S1003/,S 1003,Other Anti-LGBTQ Bills,"Referred to committee, 01/17/2023"
Idaho,https://legislature.idaho.gov/sessioninfo/2023/legislation/S1016/,SB 1016,Public Accommodations,"Passed Senate and House; delivered to Governor, 03/21/2023"
Idaho,https://legislature.idaho.gov/sessioninfo/2023/legislation/H0071/,HB 71,Healthcare,"Passed Senate as amended and returned to House, 03/27/2023"
Idaho,https://legislature.idaho.gov/sessioninfo/2023/legislation/S1100/,SB 1100,Schools & Education,"Governor signed, 03/23/2023"
Idaho,https://legislature.idaho.gov/sessioninfo/2023/legislation/H0063/,HB 63,Civil Rights,"Passed House; Senate first read and referred to committee, 02/16/2023"
Idaho,https://legislature.idaho.gov/sessioninfo/2023/legislation/S1071/,SB 1071,Schools & Education,"Passed Senate; House first read and referred to committee, 03/13/2023"
Idaho,https://legislature.idaho.gov/sessioninfo/2023/legislation/H0265/,HB 265,Free Speech & Expression,"Passed House; Senate read referred to committee, 03/08/2023"
Indiana,https://iga.in.gov/legislative/2023/bills/house/1118,HB 1118,Healthcare,"First read and referred to committee, 01/10/2023"
Indiana,https://iga.in.gov/legislative/2023/bills/house/1220,HB 1220,Healthcare,"First read and referred to committee, 01/10/2023"
Indiana,https://iga.in.gov/legislative/2023/bills/house/1231,HB 1231,Healthcare,"First read and referred to committee, 01/10/2023"
Indiana,https://iga.in.gov/legislative/2023/bills/house/1232,HB 1232,Healthcare,"First read and referred to committee, 01/10/2023"
Indiana,https://iga.in.gov/legislative/2023/bills/senate/354,SB 354,Schools & Education,"First read and referred to committee, 01/12/2023"
Indiana,https://iga.in.gov/legislative/2023/bills/senate/351,SB 351,Accurate IDs,"Referred to committee, 01/12/2023"
Indiana,https://iga.in.gov/legislative/2023/bills/house/1525,HB 1525,Healthcare,"First read and referred to committee, 01/19/2023"
Indiana,https://iga.in.gov/legislative/2023/bills/senate/480,SB 480,Healthcare,"Passed House and returned to Senate, 03/28/2023"
Indiana,https://iga.in.gov/legislative/2023/bills/house/1407,HB 1407,Healthcare,"Passed House; Senate first read and referred to committee, 03/09/2023"
Indiana,https://iga.in.gov/legislative/2023/bills/house/1569,HB 1569,Healthcare,"Passed House; Senate reported favorably by committee, 03/23/2023"
Indiana,https://iga.in.gov/legislative/2023/bills/house/1589,HB 1589,Healthcare,"First read and referred to committee, 01/19/2023"
Indiana,https://iga.in.gov/legislative/2023/bills/house/1520,HB 1520,Schools & Education,"First read and referred to committee, 01/19/2023"
Indiana,https://iga.in.gov/legislative/2023/bills/senate/386,SB 386,Schools & Education,"First read and referred to committee, 01/19/2023"
Indiana,https://iga.in.gov/legislative/2023/bills/senate/413,SB 413,Schools & Education,"First read and referred to committee, 01/19/2023"
Indiana,https://iga.in.gov/legislative/2023/bills/house/1608,HB 1608,Schools & Education,"Passed House; Senate committee passed as amended, 03/27/2023"
Indiana,https://iga.in.gov/legislative/2023/bills/house/1346,HB 1346,Schools & Education,"Referred to committee, 01/17/2023"
Indiana,https://iga.in.gov/legislative/2023/bills/house/1524,HB 1524,Accurate IDs,"Referred to committee, 01/19/2023"
Indiana,https://iga.in.gov/legislative/2023/bills/senate/487,SB 487,Other Anti-LGBTQ Bills,"First read and referred to committee, 01/19/2023"
Iowa,https://www.legis.iowa.gov/legislation/BillBook?ga=90&ba=SF%2083&v=i,SF 83,Schools & Education,"Missed committee deadline, 03/03/2023"
Iowa,https://www.legis.iowa.gov/legislation/BillBook?ga=90&ba=HF%208,HF 8,Schools & Education,"Withdrawn, 03/08/2023"
Iowa,https://www.legis.iowa.gov/legislation/BillBook?ga=90&ba=HF9,HF 9,Schools & Education,"Passed subcommittee 1/31/23; renumbered as HF 180, 02/01/2023"
Iowa,https://www.legis.iowa.gov/legislation/BillBook?ga=90&ba=SF%20110&v=i,SF 110,Healthcare,"Assigned to subcommittee, 01/24/2023"
Iowa,https://www.legis.iowa.gov/legislation/BillBook?ga=90&ba=SF%20129&v=i,SF 129,Schools & Education,"Missed committee deadline, 03/03/2023"
Iowa,https://www.legis.iowa.gov/legislation/BillBook?ga=90&ba=SF%20159&v=i,SF 159,Schools & Education,"Missed committee deadline, 03/03/2023"
Iowa,https://www.legis.iowa.gov/legislation/BillBook?ga=90&ba=HF%20180&v=i,HF 180,Schools & Education,"Placed on calendar, 02/01/2023"
Iowa,https://www.legis.iowa.gov/legislation/BillBook?ga=90&ba=HF%20190&v=i,HF 190,Civil Rights,"Referred to committee, 02/02/2023"
Iowa,https://www.legis.iowa.gov/legislation/BillBook?ga=90&ba=SF%20212&v=i,SF 212,Civil Rights,"Missed committee deadline, 03/03/2023"
Iowa,https://www.legis.iowa.gov/legislation/BillBook?ga=90&ba=HF%20229&v=i,HF 229,Civil Rights,"Missed committee deadline, 03/03/2023"
Iowa,https://www.legis.iowa.gov/legislation/BillBook?ga=90&ba=HF%20325&v=i,HF 325,Public Accommodations,"Missed committee deadline, 03/03/2023"
Iowa,https://www.legis.iowa.gov/legislation/BillBook?ga=90&ba=HF%20290&v=i,HF 290,Accurate IDs,"Missed committee deadline, 03/03/2023"
Iowa,https://www.legis.iowa.gov/legislation/BillBook?ba=SSB1145&ga=90,SSB 1145,Schools & Education,"Bill renumbered SF 496, 03/02/2023"
Iowa,https://www.legis.iowa.gov/legislation/BillBook?ga=90&ba=SF%20335&v=i,SF 335,Schools & Education,"Renumbered as SF 482, 03/02/2023"
Iowa,https://www.legis.iowa.gov/legislation/BillBook?ga=90&ba=SF%20297&v=i,SF 297,Civil Rights,"Committee recommends passage, 03/06/2023"
Iowa,https://www.legis.iowa.gov/legislation/BillBook?ga=90&ba=HF%20348&v=i,HF 348,Schools & Education,"Passed House; Senate referred to subcommittee, 03/15/2023"
Iowa,https://www.legis.iowa.gov/legislation/BillBook?ga=90&ba=SF%20348&v=i,SF 348,Free Speech & Expression,"Missed committee deadline, 03/03/2023"
Iowa,https://www.legis.iowa.gov/legislation/BillBook?ga=90&ba=SSB%201197&v=i,SSB 1197,Healthcare,"Bill renumbered SF 538, 03/02/2023"
Iowa,https://www.legis.iowa.gov/legislation/BillBook?ba=HSB%20214&ga=90,HSB 214,Healthcare,"Bill renumbered HF 623, 03/02/2023"
Iowa,https://www.legis.iowa.gov/legislation/BillBook?ga=90&ba=HSB%20222&v=i,HSB 222,Schools & Education,"Missed committee deadline, 03/03/2023"
Iowa,https://www.legis.iowa.gov/legislation/BillBook?ga=90&ba=HF%20482&v=i,HF 482,Schools & Education,"Missed committee deadline, 03/03/2023"
Iowa,https://www.legis.iowa.gov/legislation/BillBook?ga=90&ba=HSB%20208&v=i,HSB 208,Schools & Education,"Renumbered HF 622, 03/03/2023"
Iowa,https://www.legis.iowa.gov/legislation/BillBook?ga=90&ba=HF%20508&v=i,HF 508,Other Anti-LGBTQ Bills,"Referred to committee, 02/28/2023"
Iowa,https://www.legis.iowa.gov/legislation/BillBook?ga=90&ba=HF%20622,HF 622,Schools & Education,"Withdrawn, 03/16/2023"
Iowa,https://www.legis.iowa.gov/legislation/BillBook?ga=90&ba=SF%20496&v=i,SF 496,Schools & Education,"Passed Senate; House referred to committee, 03/23/2023"
Iowa,https://www.legis.iowa.gov/legislation/BillBook?ga=90&ba=SF%20482&v=i,SF 482,Schools & Education,"Governor signed, 03/22/2023"
Iowa,https://www.legis.iowa.gov/legislation/BillBook?ga=90&ba=HF%20623,HF 623,Healthcare,"SF 538 substituted and bill withdrawn, 03/08/2023"
Iowa,https://www.legis.iowa.gov/legislation/BillBook?ga=90&ba=HF%20616&v=i,HF 616,Other Anti-LGBTQ Bills,"Missed committee deadline, 03/03/2023"
Iowa,https://www.legis.iowa.gov/legislation/BillBook?ga=90&ba=SF%20538,SF 538,Healthcare,"Governor signed, 03/22/2023"
Kansas,http://kslegislature.org/li/b2023_24/measures/SB12/,SB 12,Healthcare,"Committee hearing completed, 02/14/2023"
Kansas,http://kslegislature.org/li/b2023_24/measures/HB2238/,HB 2238,Schools & Education,"Vetoed by Governor; returned to House, 03/17/2023"
Kansas,http://kslegislature.org/li/b2023_24/measures/SB149/,SB 149,Free Speech & Expression,"Referred to committee, 02/03/2023"
Kansas,http://kslegislature.org/li/b2023_24/measures/SB180/,SB 180,Other Anti-LGBTQ Bills,"Passed Senate; House committee recommends passage as amended, 03/20/2023"
Kansas,http://kslegislature.org/li/b2023_24/measures/SB201/,SB 201,Free Speech & Expression,"Referred to committee, 02/08/2023"
Kansas,http://kslegislature.org/li/b2023_24/measures/SB207/,SB 207,Schools & Education,"Referred to committee, 02/09/2023"
Kansas,http://kslegislature.org/li/b2023_24/measures/SB224/,SB 224,Other Anti-LGBTQ Bills,"Committee hearing 3/7/23 through, 03/08/2023"
Kansas,http://kslegislature.org/li/b2023_24/measures/SB233/,SB 233,Healthcare,"Passed Senate; referred to House committee, 03/01/2023"
Kansas,http://kslegislature.org/li/b2023_24/measures/HB2404/,HB 2404,Other Anti-LGBTQ Bills,"Referred to committee, 02/10/2023"
Kansas,http://kslegislature.org/li/b2023_24/measures/SB255/,SB 255,Schools & Education,"Committee hearing, 03/22/2023"
Kansas,http://kslegislature.org/li/b2023_24/measures/HB2427/,HB 2427,Schools & Education,"Committee recommends passage as amended, 03/27/2023"
Kansas,http://kslegislature.org/li/b2023_24/measures/SB228/,SB 228,Other Anti-LGBTQ Bills,"Passed Senate; House passed as amended, 03/27/2023"
Kansas,http://kslegislature.org/li/b2023_24/measures/HB2263/,HB 2263,Healthcare,"Committee of the Whole passed as amended, 03/27/2023"
Kentucky,https://apps.legislature.ky.gov/record/23RS/hb120.html,HB 120,Healthcare,"Introduced and referred to committee, 01/05/2023"
Kentucky,https://legiscan.com/KY/bill/HB58/2023,HB 58,Civil Rights,01/03/2023
Kentucky,https://apps.legislature.ky.gov/record/23RS/hb30.html,HB 30,Schools & Education,"Introduced and referred to committee, 01/03/2023"
Kentucky,https://apps.legislature.ky.gov/record/23RS/hb173.html,HB 173,Schools & Education,"Withdrawn, 03/13/2023"
Kentucky,https://apps.legislature.ky.gov/record/23RS/hb177.html,HB 177,Schools & Education,"Referred to committee, 02/23/2023"
Kentucky,https://apps.legislature.ky.gov/record/23RS/sb102.html,SB 102,Schools & Education,"Referred to committee, 02/10/2023"
Kentucky,https://apps.legislature.ky.gov/record/23RS/sb150.html,SB 150,Schools & Education,"Governor vetoed, 03/24/2023"
Kentucky,https://apps.legislature.ky.gov/record/23RS/sb115.html,SB 115,Free Speech & Expression,"Passed Senate;  House first read and returned to committee, 03/16/2023"
Kentucky,https://apps.legislature.ky.gov/record/23RS/sb145.html,SB 145,Schools & Education,"Governor signed, 03/24/2023"
Kentucky,https://apps.legislature.ky.gov/record/23RS/hb470.html,HB 470,Schools & Education,"Passed House; Senate third read as amended, 03/15/2023"
Kentucky,https://apps.legislature.ky.gov/record/23RS/hb585.html,HB 585,Accurate IDs,"Introduced to committee, 02/22/2023"
Louisiana,http://www.legis.la.gov/Legis/BillInfo.aspx?s=23RS&b=HB81&sbi=y,HB 81,Schools & Education,"Provisionally referred to committee, 03/13/2023"
Maine,https://www.mainelegislature.org/legis/bills/display_ps.asp?paper=HP0447&snum=131,HP 447,Schools & Education,"Referred to committee, 02/16/2023"
Maine,https://legislature.maine.gov/LawMakerWeb/summary.asp?paper=HP0447&SessionID=15,LD 678,Schools & Education,"Referred to committee, 02/28/2023"
Maine,https://www.mainelegislature.org/legis/bills/display_ps.asp?paper=HP0577&snum=131,HP 577,Schools & Education,"Referred to committee, 03/02/2023"
Maine,https://legislature.maine.gov/LawMakerWeb/summary.asp?paper=HP0577&SessionID=15,LD 930,Schools & Education,"Referred to committee, 03/02/2023"
Maryland,https://mgaleg.maryland.gov/mgawebsite/Legislation/Details/hb0359?ys=2023rs,HB 359,Schools & Education,"Unfavorable committee report, 02/20/2023"
Massachusetts,https://malegislature.gov/Bills/193/H509,H. 509,Schools & Education,"Senate concurred, 02/16/2023"
Massachusetts,https://malegislature.gov/Bills/193/H509,H. 458,Schools & Education,"Senate concurred, 02/16/2023"
Michigan,http://www.legislature.mi.gov/(S(1njsijragau4zwxv3ttpqfit))/mileg.aspx?page=GetObject&objectname=2023-HB-4075,HB 4075,Civil Rights,"Notice given to discharge committee, 03/15/2023"
Michigan,http://www.legislature.mi.gov/(S(5kg4zfb3faxrfursawzo0rlo))/mileg.aspx?page=GetObject&objectname=2023-HB-4195,HB 4195,Schools & Education,"First read and referred to committee, 03/07/2023"
Michigan,http://www.legislature.mi.gov/(S(mgfpceowazyjusd0lrgmw4ge))/mileg.aspx?page=GetObject&objectname=2023-HB-4257,HB 4257,Healthcare,"First read and referred to committee, 03/09/2023"
Minnesota,https://www.revisor.mn.gov/bills/bill.php?b=house&f=HF551&ssn=0&y=2023,HF 551,Schools & Education,"First read and referred to committee, 01/19/2023"
Minnesota,https://www.revisor.mn.gov/bills/bill.php?view=chrono&b=Senate&f=SF724&ssn=0&y=2023,SF 724,Schools & Education,"First read and referred to committee, 01/25/2023"
Minnesota,https://www.revisor.mn.gov/bills/bill.php?view=chrono&b=Senate&f=SF933&ssn=0&y=2023,SF 933,Free Speech & Expression,"Referred to committee, 01/30/2023"
Minnesota,https://www.revisor.mn.gov/bills/bill.php?view=chrono&b=House&f=HF1086&ssn=0&y=2023,HF 1086,Schools & Education,"First read and referred to committee, 01/30/2023"
Minnesota,https://www.revisor.mn.gov/bills/bill.php?view=chrono&b=House&f=HF1903&ssn=0&y=2023,HF 1903,Free Speech & Expression,"Referred to committee, 02/16/2023"
Minnesota,https://www.revisor.mn.gov/bills/bill.php?view=chrono&b=House&f=HF3022&ssn=0&y=2023,HF 3022,Schools & Education,"First read and referred to committee, 03/20/2023"
Mississippi,http://billstatus.ls.state.ms.us/2023/pdf/history/SB/SB2864.xml,SB 2864,Healthcare,"Died in committee, 01/31/2023"
Mississippi,http://billstatus.ls.state.ms.us/2023/pdf/history/HB/HB1127.xml,HB 1127,Healthcare,"Died in committee, 01/31/2023"
Mississippi,http://billstatus.ls.state.ms.us/2023/pdf/history/HB/HB1125.xml,HB 1125,Healthcare,"Governor signed, 02/28/2023"
Mississippi,http://billstatus.ls.state.ms.us/2023/pdf/history/HB/HB0456.xml,HB 456,Healthcare,"Died in committee, 01/31/2023"
Mississippi,http://billstatus.ls.state.ms.us/2023/pdf/history/HB/HB0576.xml,HB 576,Healthcare,"Died in committee, 01/31/2023"
Mississippi,http://billstatus.ls.state.ms.us/2023/pdf/history/SB/SB2765.xml,SB 2765,Schools & Education,"Died in committee, 01/31/2023"
Mississippi,http://billstatus.ls.state.ms.us/2023/pdf/history/SB/SB2076.xml,SB 2076,Schools & Education,"Died in committee, 01/31/2023"
Mississippi,http://billstatus.ls.state.ms.us/2023/pdf/history/HB/HB0509.xml,HB 509,Schools & Education,"Died in committee, 01/31/2023"
Mississippi,http://billstatus.ls.state.ms.us/2023/pdf/history/SB/SB2773.xml,SB 2773,Schools & Education,"Died in committee, 01/31/2023"
Mississippi,http://billstatus.ls.state.ms.us/2023/pdf/history/HB/HB1144.xml,HB 1144,Schools & Education,"Died in committee, 01/31/2023"
Mississippi,http://billstatus.ls.state.ms.us/2023/pdf/history/SB/SB2058.xml,SB 2058,Schools & Education,"Died in committee, 01/31/2023"
Mississippi,http://billstatus.ls.state.ms.us/2023/pdf/history/SB/SB2820.xml,SB 2820,Schools & Education,"Died in committee, 01/31/2023"
Mississippi,http://billstatus.ls.state.ms.us/2023/pdf/history/SB/SB2764.xml,SB 2764,Schools & Education,"Died in committee, 01/31/2023"
Mississippi,http://billstatus.ls.state.ms.us/2023/pdf/history/HB/HB1074.xml,HB 1074,Schools & Education,"Died in committee, 01/31/2023"
Mississippi,http://billstatus.ls.state.ms.us/2023/pdf/history/HB/HB1489.xml,HB 1489,Schools & Education,"Died in committee, 01/31/2023"
Mississippi,http://billstatus.ls.state.ms.us/2023/pdf/history/HB/HB1476.xml,HB 1476,Schools & Education,"Died in committee, 01/31/2023"
Mississippi,http://billstatus.ls.state.ms.us/2023/pdf/history/HB/HB1480.xml,HB 1480,Schools & Education,"Died in committee, 01/31/2023"
Mississippi,http://billstatus.ls.state.ms.us/2023/pdf/history/HB/HB1124.xml,HB 1124,Healthcare,"Died in committee, 01/31/2023"
Mississippi,http://billstatus.ls.state.ms.us/2023/pdf/history/SB/SB2760.xml,SB 2760,Healthcare,"Died in committee, 01/31/2023"
Mississippi,http://billstatus.ls.state.ms.us/2023/pdf/history/SB/SB2770.xml,SB 2770,Healthcare,"Died in committee, 01/31/2023"
Mississippi,http://billstatus.ls.state.ms.us/2023/pdf/history/HB/HB1126.xml,HB 1126,Healthcare,"Died in committee, 01/31/2023"
Mississippi,http://billstatus.ls.state.ms.us/2023/pdf/history/HB/HB1258.xml,HB 1258,Healthcare,"Died in committee, 01/31/2023"
Mississippi,http://billstatus.ls.state.ms.us/2023/pdf/history/SB/SB2883.xml,SB 2883,Healthcare,"Died in committee, 01/31/2023"
Mississippi,http://billstatus.ls.state.ms.us/2023/pdf/history/SB/SB2861.xml,SB 2861,Healthcare,"Died in committee, 01/31/2023"
Missouri,https://www.house.mo.gov/BillContent.aspx?bill=HB540&year=2023&code=R,HB 540,Healthcare,"Committee hearing completed, 01/24/2023"
Missouri,https://www.house.mo.gov/BillContent.aspx?bill=HB463&year=2023&code=R,HB 463,Healthcare,"Committee hearing completed, 01/24/2023"
Missouri,https://www.house.mo.gov/BillContent.aspx?bill=HB419&year=2023&code=R,HB 419,Healthcare,"Placed on informal perfection calendar, 03/22/2023"
Missouri,https://www.senate.mo.gov/23info/BTS_Web/Bill.aspx?SessionType=R&BillID=44668,SB 236,Healthcare,"Combined with SB 49 & 164, 02/20/2023"
Missouri,https://www.senate.mo.gov/23info/BTS_Web/Bill.aspx?SessionType=R&BillID=44594,SB 164,Healthcare,"Combined with SB 49 & SB 236, 02/20/2023"
Missouri,https://www.senate.mo.gov/23info/BTS_Web/Bill.aspx?SessionType=R&BillID=44407,SB 49,Healthcare,"Passed Senate; House second read and referred to committee, 03/24/2023"
Missouri,https://www.house.mo.gov/Bill.aspx?bill=HB192&year=2023&code=R,HB 192,Schools & Education,"Second read, 01/05/2023"
Missouri,https://www.house.mo.gov/Bill.aspx?bill=HB489&year=2023&code=R,HB 489,Other Anti-LGBTQ Bills,"Passed committee, 03/28/2023"
Missouri,https://www.senate.mo.gov/23info/BTS_Web/Bill.aspx?SessionType=R&BillID=1452621,SB 497,Schools & Education,"Second read and referred to committee, 03/23/2023"
Missouri,https://www.house.mo.gov/BillContent.aspx?bill=HB732&year=2023&code=R,HB 732,Other Anti-LGBTQ Bills,"Second read, 01/11/2023"
Missouri,https://www.senate.mo.gov/23info/BTS_Web/Bill.aspx?SessionType=R&BillID=44401,SB 258,Other Anti-LGBTQ Bills,"Second read and referred to committee, 02/09/2023"
Missouri,https://www.senate.mo.gov/23info/BTS_Web/Bill.aspx?SessionType=R&BillID=44660,SB 87,Schools & Education,"Committee hearing, 01/31/2023"
Missouri,https://www.senate.mo.gov/23info/BTS_Web/Bill.aspx?SessionType=R&BillID=44406,SB 134,Schools & Education,"Passed committee, 02/14/2023"
Missouri,https://www.house.mo.gov/BillContent.aspx?bill=HB494&year=2023&code=R,HB 494,Free Speech & Expression,"Public hearing completed, 01/24/2023"
Missouri,https://www.house.mo.gov/BillContent.aspx?bill=HB498&year=2023&code=R,HB 498,Free Speech & Expression,"Public hearing completed, 01/24/2023"
Missouri,https://senate.mo.gov/23info/BTS_Web/Bill.aspx?SessionType=R&BillID=576477,SB 429,Free Speech & Expression,"Second read and referred to committee, 03/02/2023"
Missouri,https://www.house.mo.gov/BillContent.aspx?bill=HB916&year=2023&code=R,HB 916,Healthcare,"Referred to committee, 01/25/2023"
Missouri,https://www.house.mo.gov/BillContent.aspx?bill=HB634&year=2023&code=R,HB 634,Schools & Education,"Public hearing completed, 03/01/2023"
Missouri,https://www.senate.mo.gov/23info/BTS_Web/Bill.aspx?SessionType=R&BillID=44597,SB 165,Schools & Education,"Committee hearing, 01/31/2023"
Missouri,https://senate.mo.gov/23info/BTS_Web/Bill.aspx?SessionType=R&BillID=44496,SB 39,Schools & Education,"Passed Senate; House second read and referred to committee, 03/24/2023"
Missouri,https://www.house.mo.gov/BillContent.aspx?bill=HB337&year=2023&code=R,HB 337,Schools & Education,"Hearing completed, 01/24/2023"
Missouri,https://www.house.mo.gov/BillContent.aspx?bill=HB183&year=2023&code=R,HB 183,Schools & Education,"Placed on Informal Calendar for Perfection, 03/22/2023"
Missouri,https://senate.mo.gov/23info/BTS_Web/Bill.aspx?SessionType=R&BillID=44556,SB 29,Schools & Education,"Hearing completed, 01/31/2023"
Missouri,https://www.house.mo.gov/BillContent.aspx?bill=HB170&year=2023&code=R,HB 170,Schools & Education,"Hearing completed, 01/24/2023"
Missouri,https://www.senate.mo.gov/23info/BTS_Web/Bill.aspx?SessionType=R&BillID=44394,SB 48,Schools & Education,"Hearing completed, 01/31/2023"
Missouri,https://senate.mo.gov/23info/BTS_Web/Bill.aspx?SessionType=R&BillID=44647,SB 2,Schools & Education,"Hearing completed, 01/31/2023"
Missouri,https://www.senate.mo.gov/23info/BTS_Web/Bill.aspx?SessionType=R&BillID=44631,SB 42,Schools & Education,"Passed Senate; House second read, 02/16/2023"
Missouri,https://senate.mo.gov/23info/BTS_Web/Bill.aspx?SessionType=R&BillID=2967412,SB 598,Healthcare,"First read, 02/06/2023"
Missouri,https://www.senate.mo.gov/23info/BTS_Web/Bill.aspx?SessionType=R&BillID=310421,SB 390,Schools & Education,"Second read and referred to committee, 03/02/2023"
Missouri,https://www.house.mo.gov/BillContent.aspx?bill=HB75&year=2023&code=R,HB 75,Schools & Education,"Referred to committee, 02/15/2023"
Missouri,https://www.house.mo.gov/BillContent.aspx?bill=HB1157&year=2023&code=R,HB 1157,Civil Rights,"Second read, 02/15/2023"
Missouri,https://www.senate.mo.gov/23info/BTS_Web/Bill.aspx?SessionType=R&BillID=5052071,SB 693,Free Speech & Expression,"First read, 02/28/2023"
Missouri,https://www.house.mo.gov/BillContent.aspx?bill=HB1332&year=2023&code=R,HB 1332,Healthcare,"Second read, 03/01/2023"
Missouri,https://www.house.mo.gov/BillContent.aspx?bill=HB1258&year=2023&code=R,HB 1258,Schools & Education,"Second read, 02/27/2023"
Missouri,https://www.house.mo.gov/BillContent.aspx?bill=HB1333&year=2023&code=R,HB 1333,Other Anti-LGBTQ Bills,"Second read, 03/01/2023"
Montana,http://laws.leg.mt.gov/legprd/LAW0210W$BSIV.ActionQuery?P_BILL_DFT_NO5=LC1471&Z_ACTION=Find&P_SESS=20231,HB 359,Free Speech & Expression,"Passed House; Senate first read, 03/20/2023"
Montana,https://laws.leg.mt.gov/legprd/LAW0210W$BSIV.ActionQuery?P_BILL_NO1=99&P_BLTP_BILL_TYP_CD=SB&Z_ACTION=Find&P_SESS=20231,SB 99,Healthcare,"Passed House as amended; Senate second read, 03/28/2023"
Montana,https://laws.leg.mt.gov/legprd/LAW0210W$BSIV.ActionQuery?P_BILL_NO1=303&P_BLTP_BILL_TYP_CD=HB&Z_ACTION=Find&P_SESS=20231,HB 303,Civil Rights,"Passed House; Senate committee hearing, 03/27/2023"
Montana,https://laws.leg.mt.gov/legprd/LAW0210W$BSIV.ActionQuery?P_BILL_NO1=337&P_BLTP_BILL_TYP_CD=SB&Z_ACTION=Find&P_SESS=20231,SB 337,Schools & Education,"Missed deadline for general bill transmittal, 03/13/2023"
Montana,https://laws.leg.mt.gov/legprd/LAW0210W$BSIV.ActionQuery?P_BILL_NO1=413&P_BLTP_BILL_TYP_CD=SB&Z_ACTION=Find&P_SESS=20231,SB 413,Schools & Education,"Missed deadline for general bill transmittal, 03/13/2023"
Montana,https://laws.leg.mt.gov/legprd/LAW0210W$BSIV.ActionQuery?P_BILL_NO1=458&P_BLTP_BILL_TYP_CD=SB&Z_ACTION=Find&P_SESS=20231,SB 458,Other Anti-LGBTQ Bills,"Passed Senate; House first read and referred to committee, 03/22/2023"
Montana,https://laws.leg.mt.gov/legprd/LAW0210W$BSIV.ActionQuery?P_BILL_NO1=837&P_BLTP_BILL_TYP_CD=HB&Z_ACTION=Find&P_SESS=20231,HB 837,Schools & Education,"Committee hearing, 03/27/2023"
Montana,https://laws.leg.mt.gov/legprd/LAW0210W$BSIV.ActionQuery?P_BILL_NO1=518&P_BLTP_BILL_TYP_CD=SB&Z_ACTION=Find&P_SESS=20231,SB 518,Schools & Education,"Committee hearing, 03/27/2023"
Nebraska,https://nebraskalegislature.gov/bills/view_bill.php?DocumentID=50285,LB 371,Free Speech & Expression,"Committee hearing, 03/24/2023"
Nebraska,https://nebraskalegislature.gov/bills/view_bill.php?DocumentID=49961,LB 574,Healthcare,"Placed on Select File, 03/24/2023"
Nebraska,https://nebraskalegislature.gov/bills/view_bill.php?DocumentID=49722,LB 575,Schools & Education,"Committee hearing, 02/13/2023"
Nebraska,https://www.nebraskalegislature.gov/bills/view_bill.php?DocumentID=50633,LB 810,Civil Rights,"Hearing completed, 02/10/2023"
Nevada,https://www.leg.state.nv.us/App/NELIS/REL/82nd2023/Bill/10041/Overview,SB 288,Other Anti-LGBTQ Bills,"Referred to committee, 03/09/2023"
Nevada,https://www.leg.state.nv.us/App/NELIS/REL/82nd2023/Bill/10294/Overview,AB 374,Schools & Education,"Referred to committee, 03/23/2023"
New Hampshire,https://www.gencourt.state.nh.us/bill_status/billinfo.aspx?id=630,HB 396,Other Anti-LGBTQ Bills,"Retained in committee, 02/09/2023"
New Hampshire,https://www.gencourt.state.nh.us/bill_status/billinfo.aspx?id=71,HB 619,Schools & Education,"Retained in committee, 03/15/2023"
New Hampshire,https://www.gencourt.state.nh.us/bill_status/billinfo.aspx?id=1079,SB 272,Schools & Education,"Passed Senate; House public hearing, 04/18/2023"
New Hampshire,https://gencourt.state.nh.us/bill_status/legacy/bs2016/bill_status.aspx?lsr=257&sy=2023&sortoption=&txtsessionyear=2023&txtbillnumber=HB417,HB 417,Healthcare,"Inexpedient to legislate, 03/22/2023"
New Jersey,https://www.njleg.state.nj.us/bill-search/2022/S3076,S 3076,Healthcare,"Active, 01/10/2023"
New Jersey,https://www.njleg.state.nj.us/bill-search/2022/A1630,A 1630,Schools & Education,"Introduced and referred to committee, 01/11/2023"
New Jersey,https://www.njleg.state.nj.us/bill-search/2022/S589,S 589,Schools & Education,"Introduced and referred to committee, 01/11/2023"
New Jersey,https://www.njleg.state.nj.us/bill-search/2022/A1418,A 1418,Schools & Education,"Referred to committee, 01/11/2023"
New Jersey,https://www.njleg.state.nj.us/bill-search/2022/S585,S 585,Schools & Education,"Referred to committee, 01/11/2023"
New Jersey,https://www.njleg.state.nj.us/bill-search/2022/A328,A 328,Civil Rights,"Active, 01/10/2023"
New Mexico,https://www.nmlegis.gov/Legislation/Legislation?chamber=H&legtype=B&legno=492&year=23,HB 492,Schools & Education,"Referred to committee, 02/16/2023"
North Carolina,https://www.ncleg.gov/BillLookup/2023/S49,S. 49,Schools & Education,"Passed Senate; first read and referred to House committee, 02/07/2023"
North Carolina,https://www.ncleg.gov/BillLookup/2023/H43,H. 43,Healthcare,"Referred to committee, 02/06/2023"
North Carolina,https://www.scstatehouse.gov/sess125_2023-2024/bills/585.htm,S 585,Free Speech & Expression,"First read and referred to committee, 03/02/2023"
North Dakota,https://www.ndlegis.gov/assembly/68-2023/regular/bill-overview/bo1473.html,HB 1473,Schools & Education,"Passed House; Senate committee hearing, 03/28/2023"
North Dakota,https://www.ndlegis.gov/assembly/68-2023/regular/bill-index/bi1205.html,HB 1205,Free Speech & Expression,"Passed House; Senate committee hearing, 03/13/2023"
North Dakota,https://www.ndlegis.gov/assembly/68-2023/regular/bill-overview/bo1139.html,HB 1139,Accurate IDs,"Passed House; referred to Senate committee, 02/13/2023"
North Dakota,https://www.ndlegis.gov/assembly/68-2023/regular/bill-overview/bo1254.html,HB 1254,Healthcare,"Passed House; Senate committee hearing, 03/15/2023"
North Dakota,https://www.ndlegis.gov/assembly/68-2023/regular/bill-overview/bo2260.html,SB 2260,Schools & Education,"Passed Senate; House committee hearing, 03/22/2023"
North Dakota,https://www.ndlegis.gov/assembly/68-2023/regular/bill-index/bi2231.html,SB 2231,Schools & Education,"Passed Senate and House; sent to Governor, 03/24/2023"
North Dakota,https://www.ndlegis.gov/assembly/68-2023/regular/bill-overview/bo1249.html,HB 1249,Schools & Education,"Passed House; Senate committee hearing, 03/28/2023"
North Dakota,https://ndlegis.gov/assembly/68-2023/regular/bill-overview/bo1333.html?bill_year=2023&bill_number=1333,HB 1333,Free Speech & Expression,"Passed House; Senate committee hearing, 03/20/2023"
North Dakota,https://ndlegis.gov/assembly/68-2023/regular/bill-overview/bo1301.html,HB 1301,Healthcare,"Failed to pass House, 02/17/2023"
North Dakota,https://ndlegis.gov/assembly/68-2023/regular/bill-overview/bo1522.html,HB 1522,Schools & Education,"Passed House; Senate committee hearing, 03/21/2023"
North Dakota,https://ndlegis.gov/assembly/68-2023/regular/bill-overview/bo1489.html,HB 1489,Schools & Education,"Passed House; Senate committee hearing, 03/28/2023"
North Dakota,https://ndlegis.gov/assembly/68-2023/regular/bill-overview/bo1488.html,HB 1488,Schools & Education,"Passed House; Senate second hearing failed to pass, 03/20/2023"
North Dakota,https://ndlegis.gov/assembly/68-2023/regular/bill-overview/bo2188.html,SB 2188,Schools & Education,"Second reading, failed to pass, 02/08/2023"
North Dakota,https://ndlegis.gov/assembly/68-2023/regular/bill-overview/bo1297.html,HB 1297,Accurate IDs,"Passed House; Senate committee hearing, 03/20/2023"
North Dakota,https://ndlegis.gov/assembly/68-2023/regular/bill-overview/bo1474.html,HB 1474,Other Anti-LGBTQ Bills,"Passed House; Senate committee hearing, 03/21/2023"
North Dakota,https://ndlegis.gov/assembly/68-2023/regular/bill-overview/bo1111.html,HB 1111,Other Anti-LGBTQ Bills,"Passed House; Senate committee hearing, 03/27/2023"
North Dakota,https://ndlegis.gov/assembly/68-2023/regular/bill-overview/bo1526.html,HB 1526,Schools & Education,"Second reading, failed to pass, 02/15/2023"
Ohio,https://www.legislature.ohio.gov/legislation/135/hb68,HB 68,Healthcare,"Referred to committee, 02/28/2023"
Ohio,https://www.legislature.ohio.gov/legislation/135/hb6,HB 6,Schools & Education,"Referred to committee, 02/16/2023"
Ohio,https://www.legislature.ohio.gov/legislation/135/hb8,HB 8,Schools & Education,"Referred to committee, 02/16/2023"
Ohio,https://www.legislature.ohio.gov/legislation/135/sb83,SB 83,Other Anti-LGBTQ Bills,"Referred to committee, 03/21/2023"
Oklahoma,http://www.oklegislature.gov/BillInfo.aspx?Bill=SB404&session=2300,SB 404,Civil Rights,"Passed Senate; House first read, 03/08/2023"
Oklahoma,http://www.oklegislature.gov/BillInfo.aspx?Bill=SB614&session=2300,SB 614,Healthcare,"Second read and referred to committee, 02/07/2023"
Oklahoma,http://www.oklegislature.gov/BillInfo.aspx?Bill=SB613&session=2300,SB 613,Healthcare,"Passed Senate; House first read, 02/16/2023"
Oklahoma,http://www.oklegislature.gov/BillInfo.aspx?Bill=HB1377&session=2300,HB 1377,Healthcare,"Second read and referred to committee, 02/07/2023"
Oklahoma,http://www.oklegislature.gov/BillInfo.aspx?Bill=SB408&session=2300,SB 408,Other Anti-LGBTQ Bills,"Passed Senate; House first read and referred to committee, 03/08/2023"
Oklahoma,http://www.oklegislature.gov/BillInfo.aspx?Bill=SB252&session=2300,SB 252,Healthcare,"Second read and referred to committee, 02/07/2023"
Oklahoma,http://www.oklegislature.gov/BillInfo.aspx?Bill=SB345&session=2300,SB 345,Healthcare,"Second read and referred to committee, 02/07/2023"
Oklahoma,http://www.oklegislature.gov/BillInfo.aspx?Bill=SB250&session=2300,SB 250,Healthcare,"Second read and referred to committee, 02/07/2023"
Oklahoma,http://www.oklegislature.gov/BillInfo.aspx?Bill=SB1007&session=2300,SB 1007,Schools & Education,"Second read and referred to committee, 02/07/2023"
Oklahoma,http://www.oklegislature.gov/BillInfo.aspx?Bill=hb2186&Session=2300,HB 2186,Civil Rights,"Committee passed as amended, 02/23/2023"
Oklahoma,http://www.oklegislature.gov/BillInfo.aspx?Bill=HB1011&session=2300,HB 1011,Healthcare,"Second read and referred to committee, 02/07/2023"
Oklahoma,http://www.oklegislature.gov/BillInfo.aspx?Bill=SB786&session=2300,SB 786,Healthcare,"Second read and referred to committee, 02/07/2023"
Oklahoma,http://www.oklegislature.gov/BillInfo.aspx?Bill=SB787&session=2300,SB 787,Healthcare,"Second read and referred to committee, 02/07/2023"
Oklahoma,http://www.oklegislature.gov/BillInfo.aspx?Bill=SB129&session=2300,SB 129,Healthcare,"Passed committee as amended, 03/01/2023"
Oklahoma,http://www.oklegislature.gov/BillInfo.aspx?Bill=SB788&session=2300,SB 788,Healthcare,"Second read and referred to committee, 02/07/2023"
Oklahoma,http://www.oklegislature.gov/BillInfo.aspx?Bill=SB789&session=2300,SB 789,Healthcare,"Second read and referred to committee, 02/07/2023"
Oklahoma,http://www.oklegislature.gov/BillInfo.aspx?Bill=HB1466&session=2300,HB 1466,Healthcare,"Second read and referred to committee, 02/07/2023"
Oklahoma,http://www.oklegislature.gov/BillInfo.aspx?Bill=SB878&session=2300,SB 878,Healthcare,"Second read and referred to committee, 02/07/2023"
Oklahoma,http://www.oklegislature.gov/BillInfo.aspx?Bill=HB2177&session=2300,HB 2177,Healthcare,"Passed House; Senate second read and referred to committee, 03/23/2023"
Oklahoma,http://www.oklegislature.gov/BillInfo.aspx?Bill=SB937&session=2300,SB 937,Schools & Education,"Second read and referred to committee, 02/07/2023"
Oklahoma,http://www.oklegislature.gov/BillInfo.aspx?Bill=SB935&session=2300,SB 935,Schools & Education,"Second read and referred to committee, 02/07/2023"
Oklahoma,http://www.oklegislature.gov/BillInfo.aspx?Bill=SB887&session=2300,SB 887,Other Anti-LGBTQ Bills,"Second read and referred to committee, 02/07/2023"
Oklahoma,http://www.oklegislature.gov/BillInfo.aspx?Bill=SB30&session=2300,SB 30,Schools & Education,"Second read and referred to committee, 02/07/2023"
Oklahoma,http://www.oklegislature.gov/BillInfo.aspx?Bill=SB1004&session=2300,SB 1004,Other Anti-LGBTQ Bills,"Second read and referred to committee, 02/07/2023"
Oklahoma,http://www.oklegislature.gov/BillInfo.aspx?Bill=SB131&session=2300,SB 131,Schools & Education,"Second read and referred to committee, 02/07/2023"
Oklahoma,http://www.oklegislature.gov/BillInfo.aspx?Bill=SB26&session=2300,SB 26,Schools & Education,"Passed Senate; House first read, 03/08/2023"
Oklahoma,http://www.oklegislature.gov/BillInfo.aspx?Bill=SB973&session=2300,SB 973,Schools & Education,"Second read and referred to committee, 02/07/2023"
Oklahoma,http://oklegislature.gov/BillInfo.aspx?Bill=SB932&Session=2100,SB 932,Schools & Education,"Second read and referred to committee, 02/07/2023"
Oklahoma,http://www.oklegislature.gov/BillInfo.aspx?Bill=HB2736&session=2300,HB 2736,Free Speech & Expression,"Second read and referred to committee, 02/07/2023"
Oklahoma,http://www.oklegislature.gov/BillInfo.aspx?Bill=HB1780&Session=2300,HB 1780,Schools & Education,"Re-referred to rules committee, 02/16/2023"
Oklahoma,http://www.oklegislature.gov/BillInfo.aspx?Bill=HB1781&session=2300,HB 1781,Schools & Education,"Second read and referred to committee, 02/07/2023"
Oklahoma,http://www.oklegislature.gov/BillInfo.aspx?Bill=SB1017&session=2300,SB 1017,Schools & Education,"Second read and referred to committee, 02/07/2023"
Oklahoma,http://www.oklegislature.gov/BillInfo.aspx?Bill=SB933&session=2300,SB 933,Schools & Education,"Second read and referred to committee, 02/07/2023"
Oklahoma,http://www.oklegislature.gov/BillInfo.aspx?Bill=SB943&session=2300,SB 943,Schools & Education,"Second read and referred to committee, 02/07/2023"
Oklahoma,http://www.oklegislature.gov/BillInfo.aspx?Bill=HB1449&session=2300,HB 1449,Other Anti-LGBTQ Bills,"Passed House; Senate first read, 03/27/2023"
Oregon,https://olis.oregonlegislature.gov/liz/2023R1/Measures/Overview/HB3044,HB 3044,Schools & Education,"Referred to committee, 01/20/2023"
Oregon,https://olis.oregonlegislature.gov/liz/2023R1/Measures/Overview/HB2186,HB 2186,Schools & Education,"Referred to committee, 01/12/2023"
Oregon,https://olis.oregonlegislature.gov/liz/2023R1/Measures/Overview/SB453,SB 453,Schools & Education,"Referred to committee, 01/11/2023"
Oregon,https://olis.oregonlegislature.gov/liz/2023R1/Measures/Overview/SB749,SB 749,Schools & Education,"Referred to committee, 01/17/2023"
Oregon,https://olis.oregonlegislature.gov/liz/2023R1/Measures/Overview/SB452,SB 452,Healthcare,"Referred to committee, 01/14/2023"
Oregon,https://olis.oregonlegislature.gov/liz/2023R1/Measures/Overview/HB2477,HB 2477,Schools & Education,"Referred to committee, 01/11/2023"
Oregon,https://olis.oregonlegislature.gov/liz/2023R1/Measures/Overview/SB897,SB 897,Healthcare,"First read and referred to committee, 02/13/2023"
Pennsylvania,https://www.legis.state.pa.us/cfdocs/billinfo/billinfo.cfm?syear=2023&sind=0&body=H&type=B&bn=138,HB 138,Healthcare,"Referred to committee, 03/08/2023"
Pennsylvania,https://www.legis.state.pa.us/cfdocs/billinfo/billinfo.cfm?syear=2023&sind=0&body=H&type=B&bn=216,HB 216,Schools & Education,"Referred to committee, 03/08/2023"
Pennsylvania,https://www.legis.state.pa.us/cfdocs/billinfo/billinfo.cfm?syear=2023&sind=0&body=H&type=B&bn=319,HB 319,Schools & Education,"Referred to committee, 03/13/2023"
Rhode Island,http://status.rilin.state.ri.us/bill_history_report.aspx?year=2023&bills=391,SB 391,Schools & Education,"Referred to committee, 02/16/2023"
Rhode Island,http://status.rilin.state.ri.us/bill_history_report.aspx?year=2023&bills=5688,HB 5688,Schools & Education,"Referred to committee, 02/22/2023"
South Carolina,https://www.scstatehouse.gov/billsearch.php?billnumbers=3466&session=125&summary=B,H 3466,Schools & Education,"Referred to committee, 01/10/2023"
South Carolina,https://www.scstatehouse.gov/sess125_2023-2024/bills/3616.htm,H. 3616,Free Speech & Expression,"Referred to committee, 01/11/2023"
South Carolina,https://www.scstatehouse.gov/sess125_2023-2024/bills/364.htm,S. 364,Accurate IDs,"Referred to committee, 01/10/2023"
South Carolina,https://www.scstatehouse.gov/sess125_2023-2024/bills/274.htm,S. 274,Schools & Education,"Referred to committee, 01/10/2023"
South Carolina,https://www.scstatehouse.gov/sess125_2023-2024/bills/3197.htm,H. 3197,Schools & Education,"Referred to committee, 01/10/2023"
South Carolina,https://www.scstatehouse.gov/sess125_2023-2024/bills/3485.htm,H. 3485,Schools & Education,"Referred to committee, 01/10/2023"
South Carolina,https://www.scstatehouse.gov/sess125_2023-2024/bills/276.htm,S. 276,Other Anti-LGBTQ Bills,"Referred to committee, 01/10/2023"
South Carolina,https://www.scstatehouse.gov/sess125_2023-2024/bills/424.htm,S. 424,Schools & Education,"Referred to committee, 01/19/2023"
South Carolina,https://www.scstatehouse.gov/sess125_2023-2024/bills/243.htm,S. 243,Healthcare,"Referred to committee, 01/10/2023"
South Carolina,https://www.scstatehouse.gov/sess125_2023-2024/bills/3551.htm,H. 3551,Schools & Education,"Referred to committee, 01/10/2023"
South Carolina,https://www.scstatehouse.gov/sess125_2023-2024/bills/234.htm,S. 234,Schools & Education,"Referred to committee, 01/19/2023"
South Carolina,https://www.scstatehouse.gov/sess125_2023-2024/bills/3827.htm,H. 3827,Schools & Education,"Referred to committee , 01/26/2023"
South Carolina,https://www.scstatehouse.gov/sess125_2023-2024/bills/3611.htm,H. 3611,Civil Rights,"Referred to committee, 01/11/2023"
South Carolina,https://www.scstatehouse.gov/sess125_2023-2024/bills/3304.htm,H. 3304,Schools & Education,"Referred to committee, 01/10/2023"
South Carolina,https://www.scstatehouse.gov/sess125_2023-2024/bills/3801.htm,H. 3801,Civil Rights,"Referred to committee, 01/25/2023"
South Carolina,https://www.scstatehouse.gov/billsearch.php?billnumbers=3728&session125&summary=B,H. 3728,Schools & Education,"Passed House; referred to Senate committee, 02/09/2023"
South Carolina,https://www.scstatehouse.gov/sess125_2023-2024/bills/627.htm,S. 627,Schools & Education,"First read and referred to committee, 03/14/2023"
South Carolina,https://www.scstatehouse.gov/sess125_2023-2024/bills/623.htm,S. 623,Accurate IDs,"First read and referred to committee, 03/14/2023"
South Dakota,https://sdlegislature.gov/Session/Bill/24100,HB 1080,Healthcare,"Governor signed, 02/13/2023"
South Dakota,https://sdlegislature.gov/Session/Bill/23769,HB 1116,Schools & Education,"Passed House; Senate floor vote failed, 03/02/2023"
South Dakota,https://sdlegislature.gov/Session/Bill/23773,HB 1125,Free Speech & Expression,"Tabled by committee, 02/13/2023"
Tennessee,https://wapp.capitol.tn.gov/apps/BillInfo/default.aspx?BillNumber=HB0239&ga=113,HB 239,Other Anti-LGBTQ Bills,"Placed on committee calendar, 03/08/2023"
Tennessee,https://wapp.capitol.tn.gov/apps/BillInfo/default.aspx?BillNumber=SB0003&ga=113,SB 3,Free Speech & Expression,"Governor signed, 03/02/2023"
Tennessee,https://wapp.capitol.tn.gov/apps/BillInfo/default.aspx?BillNumber=HB0009&ga=113,HB 9,Free Speech & Expression,"SB substituted, 02/23/2023"
Tennessee,https://wapp.capitol.tn.gov/apps/BillInfo/default.aspx?BillNumber=HB0306&ga=113,HB 306,Schools & Education,"Placed on House calendar, 03/30/2023"
Tennessee,https://wapp.capitol.tn.gov/apps/BillInfo/Default.aspx?BillNumber=SB0001&GA=113,SB 1,Healthcare,"Governor signed, 03/02/2023"
Tennessee,https://wapp.capitol.tn.gov/apps/BillInfo/default.aspx?BillNumber=SB0005&ga=113,SB 5,Healthcare,"Referred to committee, 01/20/2023"
Tennessee,https://wapp.capitol.tn.gov/apps/BillInfo/default.aspx?BillNumber=SB0620&ga=113,SB 620,Schools & Education,"Passed on second consideration, referred to committee, 02/02/2023"
Tennessee,https://wapp.capitol.tn.gov/apps/BillInfo/default.aspx?BillNumber=SB0466&ga=113,SB 466,Schools & Education,"Placed on committee calendar, 03/29/2023"
Tennessee,https://wapp.capitol.tn.gov/apps/BillInfo/default.aspx?BillNumber=HB0030&ga=113,HB 30,Free Speech & Expression,"Passed House; Senate passed on first consideration, 03/08/2023"
Tennessee,https://wapp.capitol.tn.gov/apps/BillInfo/default.aspx?BillNumber=SB0841&ga=113,SB 841,Free Speech & Expression,"Failed in committee, 03/21/2023"
Tennessee,https://wapp.capitol.tn.gov/apps/BillInfo/default.aspx?BillNumber=SB0596&ga=113,SB 596,Civil Rights,"Committee action deferred to, 01/23/2024"
Tennessee,https://wapp.capitol.tn.gov/apps/BillInfo/Default.aspx?BillNumber=HB0878&GA=113,HB 878,Civil Rights,"Passed House; Senate passed on first consideration, 03/09/2023"
Tennessee,https://wapp.capitol.tn.gov/apps/BillInfo/Default.aspx?BillNumber=SB0603&GA=113,SB 603,Other Anti-LGBTQ Bills,"Assigned to subcommittee, 03/22/2023"
Tennessee,https://wapp.capitol.tn.gov/apps/BillInfo/default.aspx?BillNumber=HB0571&ga=113,HB 571,Other Anti-LGBTQ Bills,"Taken off notice for subcommittee calendar, 03/13/2023"
Tennessee,https://wapp.capitol.tn.gov/apps/BillInfo/default.aspx?BillNumber=HB0001&ga=113,HB 1,Healthcare,"Senate bill substituted, 02/23/2023"
Tennessee,https://wapp.capitol.tn.gov/apps/BillInfo/Default.aspx?BillNumber=HB1378&GA=113,HB 1378,Healthcare,"Assigned to subcommittee, 02/07/2023"
Tennessee,https://wapp.capitol.tn.gov/apps/BillInfo/Default.aspx?BillNumber=HB1414&GA=113,HB 1414,Schools & Education,"Assigned to subcommittee, 02/07/2023"
Tennessee,https://wapp.capitol.tn.gov/apps/BillInfo/Default.aspx?BillNumber=SB1237&GA=113,SB 1237,Schools & Education,"Placed on committee calendar, 03/29/2023"
Tennessee,https://wapp.capitol.tn.gov/apps/BillInfo/Default.aspx?BillNumber=HB1269&GA=113,HB 1269,Schools & Education,"Placed on subcommittee calendar, 03/15/2023"
Tennessee,https://wapp.capitol.tn.gov/apps/BillInfo/default.aspx?BillNumber=SB1440&ga=113,SB 1440,Other Anti-LGBTQ Bills,"Passed Senate; received in House, 03/16/2023"
Tennessee,https://wapp.capitol.tn.gov/apps/BillInfo/default.aspx?BillNumber=HB1386&ga=113,HB 1386,Other Anti-LGBTQ Bills,"Assigned to subcommittee, 02/07/2023"
Tennessee,https://wapp.capitol.tn.gov/apps/BillInfo/Default.aspx?BillNumber=SB1110&GA=113,SB 1110,Other Anti-LGBTQ Bills,"Passed second consideration and referred to committee, 02/06/2023"
Tennessee,https://wapp.capitol.tn.gov/apps/BillInfo/default.aspx?BillNumber=HB1447&ga=113,HB 1447,Healthcare,"Assigned to subcommittee, 02/07/2023"
Tennessee,https://wapp.capitol.tn.gov/apps/BillInfo/Default.aspx?BillNumber=SB1469&GA=113,SB 1469,Healthcare,"Referred to subcommittee, 03/07/2023"
Tennessee,https://wapp.capitol.tn.gov/apps/BillInfo/default.aspx?BillNumber=SB1117&ga=113,SB 1117,Schools & Education,"Placed on Senate calendar, 03/30/2023"
Tennessee,https://wapp.capitol.tn.gov/apps/BillInfo/Default.aspx?BillNumber=HB1411&GA=113,HB 1411,Schools & Education,"Placed on committee calendar, 03/29/2023"
Texas,https://capitol.texas.gov/BillLookup/History.aspx?LegSess=88R&Bill=SB393,SB 393,Schools & Education,"First read and referred to committee, 02/15/2023"
Texas,https://capitol.texas.gov/BillLookup/History.aspx?LegSess=88R&Bill=HB1266,HB 1266,Free Speech & Expression,"First read and referred to committee, 03/03/2023"
Texas,https://capitol.texas.gov/BillLookup/History.aspx?LegSess=88R&Bill=HB319,HB 319,Civil Rights,"First read and referred to committee, 11/23/2022"
Texas,https://capitol.texas.gov/BillLookup/History.aspx?LegSess=88R&Bill=HB436,HB 436,Healthcare,"Referred to committee, 02/23/2023"
Texas,https://capitol.texas.gov/BillLookup/History.aspx?LegSess=88R&Bill=SB476,SB 476,Free Speech & Expression,"Referred to committee, 02/17/2023"
Texas,https://capitol.texas.gov/BillLookup/History.aspx?LegSess=88R&Bill=HB23,HB 23,Schools & Education,"First read and referred to committee, 02/23/2023"
Texas,https://capitol.texas.gov/BillLookup/History.aspx?LegSess=88R&Bill=HB643,HB 643,Free Speech & Expression,"Referred to committee, 02/23/2023"
Texas,https://capitol.texas.gov/BillLookup/History.aspx?LegSess=88R&Bill=HB708,HB 708,Free Speech & Expression,"First read and referred to committee, 02/28/2023"
Texas,https://capitol.texas.gov/BillLookup/History.aspx?LegSess=88R&Bill=SB162,SB 162,Accurate IDs,"Placed on intent calendar, 03/27/2023"
Texas,https://capitol.texas.gov/BillLookup/History.aspx?LegSess=88R&Bill=HB631,HB 631,Schools & Education,"Referred to committee, 02/23/2023"
Texas,https://capitol.texas.gov/BillLookup/History.aspx?LegSess=88R&Bill=HB1532,HB 1532,Healthcare,"Left pending in committee, 03/16/2023"
Texas,https://capitol.texas.gov/BillLookup/History.aspx?LegSess=88R&Bill=HB1541,HB 1541,Schools & Education,"First read and referred to committee, 03/03/2023"
Texas,https://capitol.texas.gov/BillLookup/Actions.aspx?LegSess=88R&Bill=HB1155,HB 1155,Schools & Education,"First read and referred to committee, 03/02/2023"
Texas,https://capitol.texas.gov/BillLookup/History.aspx?LegSess=88R&Bill=HB42,HB 42,Healthcare,"Referred to committee, 02/23/2023"
Texas,https://capitol.texas.gov/BillLookup/History.aspx?LegSess=88R&Bill=SB250,SB 250,Healthcare,"Left pending in committee, 03/16/2023"
Texas,https://capitol.texas.gov/BillLookup/History.aspx?LegSess=88R&Bill=HB41,HB 41,Healthcare,"Referred to committee, 02/23/2023"
Texas,https://capitol.texas.gov/BillLookup/History.aspx?LegSess=88R&Bill=HB122,HB 122,Healthcare,"Referred to committee, 02/23/2023"
Texas,https://capitol.texas.gov/BillLookup/History.aspx?LegSess=88R&Bill=SB249,SB 249,Healthcare,"First read and referred to committee, 02/15/2023"
Texas,https://capitol.texas.gov/BillLookup/Actions.aspx?LegSess=88R&Bill=SB625,SB 625,Healthcare,"First read and referred to committee, 02/17/2023"
Texas,https://capitol.texas.gov/BillLookup/Actions.aspx?LegSess=88R&Bill=SB649,SB 649,Schools & Education,"Read first time and referred to committee, 02/17/2023"
Texas,https://capitol.texas.gov/BillLookup/History.aspx?LegSess=88R&Bill=HB1686,HB 1686,Healthcare,"Left pending in committee, 03/28/2023"
Texas,https://capitol.texas.gov/BillLookup/Text.aspx?LegSess=88R&Bill=HB1752,HB 1752,Healthcare,"First read and referred to committee, 03/07/2023"
Texas,https://capitol.texas.gov/BillLookup/History.aspx?LegSess=88R&Bill=HB1952,HB 1952,Accurate IDs,"Public hearing, 03/29/2023"
Texas,https://capitol.texas.gov/BillLookup/History.aspx?LegSess=88R&Bill=SB1029,SB 1029,Healthcare,"Left pending in committee, 03/16/2023"
Texas,https://capitol.texas.gov/BillLookup/History.aspx?LegSess=88R&Bill=SB1082,SB 1082,Other Anti-LGBTQ Bills,"First read and referred to committee, 03/09/2023"
Texas,https://capitol.texas.gov/BillLookup/History.aspx?LegSess=88R&Bill=HB3164,HB 3164,Other Anti-LGBTQ Bills,"First read and referred to committee, 03/15/2023"
Texas,https://capitol.texas.gov/BillLookup/History.aspx?LegSess=88R&Bill=HB2862,HB 2862,Other Anti-LGBTQ Bills,"First read and referred to committee, 03/14/2023"
Texas,https://capitol.texas.gov/BillLookup/History.aspx?LegSess=88R&Bill=HB3147,HB 3147,Other Anti-LGBTQ Bills,"First read and referred to committee, 03/14/2023"
Texas,https://capitol.texas.gov/BillLookup/Actions.aspx?LegSess=88R&Bill=HB3213,HB 3213,Other Anti-LGBTQ Bills,"First read and referred to committee, 03/15/2023"
Texas,https://capitol.texas.gov/BillLookup/History.aspx?LegSess=88R&Bill=HB3883,HB 3883,Other Anti-LGBTQ Bills,"First read and referred to committee, 03/20/2023"
Texas,https://capitol.texas.gov/BillLookup/History.aspx?LegSess=88R&Bill=HB3902,HB 3902,Other Anti-LGBTQ Bills,"First read and referred to committee, 03/20/2023"
Texas,https://capitol.texas.gov/BillLookup/History.aspx?LegSess=88R&Bill=SB14,SB 14,Healthcare,"Placed on intent calendar, 03/27/2023"
Texas,https://capitol.texas.gov/BillLookup/History.aspx?LegSess=88R&Bill=HB4129,HB 4129,Free Speech & Expression,"First read and referred to committee, 03/21/2023"
Texas,https://capitol.texas.gov/BillLookup/History.aspx?LegSess=88R&Bill=HB4624,HB 4624,Healthcare,"First read and referred to committee, 03/22/2023"
Texas,https://capitol.texas.gov/BillLookup/History.aspx?LegSess=88R&Bill=SB15,SB 15,Schools & Education,"Placed on intent calendar, 03/23/2023"
Texas,https://capitol.texas.gov/BillLookup/History.aspx?LegSess=88R&Bill=HB4534,HB 4534,Schools & Education,"First read and referred to committee, 03/22/2023"
Texas,https://capitol.texas.gov/BillLookup/History.aspx?LegSess=88R&Bill=HB4378,HB 4378,Free Speech & Expression,"First read and referred to committee, 03/21/2023"
Texas,https://capitol.texas.gov/BillLookup/History.aspx?LegSess=88R&Bill=HB4754,HB 4754,Healthcare,"First read and referred to committee, 03/22/2023"
Texas,https://capitol.texas.gov/BillLookup/History.aspx?LegSess=88R&Bill=SB8,SB 8,Schools & Education,"Left pending in committee, 03/22/2023"
Texas,https://capitol.texas.gov/BillLookup/History.aspx?LegSess=88R&Bill=HB5236,HB 5236,Schools & Education,"First read and referred to committee, 03/24/2023"
Texas,https://capitol.texas.gov/BillLookup/History.aspx?LegSess=88R&Bill=HB4961,HB 4961,Schools & Education,"First read and referred to committee, 03/23/2023"
Texas,https://capitol.texas.gov/BillLookup/History.aspx?LegSess=88R&Bill=SB2199,SB 2199,Civil Rights,"First read and referred to committee, 03/22/2023"
Texas,https://capitol.texas.gov/BillLookup/History.aspx?LegSess=88R&Bill=SB17,SB 17,Other Anti-LGBTQ Bills,"Referred to committee, 03/13/2023"
Texas,https://capitol.texas.gov/BillLookup/History.aspx?LegSess=88R&Bill=SB2281,SB 2281,Free Speech & Expression,"First read and referred to committee, 03/22/2023"
Texas,https://capitol.texas.gov/BillLookup/History.aspx?LegSess=88R&Bill=HB5256,HB 5256,Schools & Education,"First read and referred to committee, 03/24/2023"
Texas,https://capitol.texas.gov/BillLookup/History.aspx?LegSess=88R&Bill=HB2722,HB 2722,Schools & Education,"First read and referred to committee, 03/13/2023"
Texas,https://capitol.texas.gov/BillLookup/History.aspx?LegSess=88R&Bill=HB5261,HB 5261,Schools & Education,"First read and referred to committee, 03/24/2023"
Texas,https://capitol.texas.gov/BillLookup/History.aspx?LegSess=88R&Bill=HB5127,HB 5127,Other Anti-LGBTQ Bills,"First read and referred to committee, 03/24/2023"
Texas,https://capitol.texas.gov/BillLookup/History.aspx?LegSess=88R&Bill=HB5235,HB 5235,Schools & Education,"First read and referred to committee, 03/24/2023"
Texas,https://capitol.texas.gov/BillLookup/History.aspx?LegSess=88R&Bill=SB1443,SB 1443,Schools & Education,"First read and referred to committee, 03/16/2023"
Texas,https://capitol.texas.gov/BillLookup/History.aspx?LegSess=88R&Bill=HB2659,HB 2659,Schools & Education,"First read and referred to committee, 03/13/2023"
Utah,https://le.utah.gov/~2023/bills/static/SB0093.html,SB 93,Accurate IDs,"Governor signed, 03/23/2023"
Utah,https://le.utah.gov/~2023/bills/static/SB0100.html,SB 100,Schools & Education,"Governor signed, 02/16/2023"
Utah,https://le.utah.gov/~2023/bills/static/SB0016.html,SB 16,Healthcare,"Governor signed, 01/28/2023"
Utah,https://le.utah.gov/~2023/bills/static/HB0132.html,HB 132,Healthcare,"House filed, 03/03/2023"
Utah,https://le.utah.gov/~2023/bills/static/HB0464.html,HB 464,Schools & Education,"House filed, 03/03/2023"
Utah,https://le.utah.gov/~2023/bills/static/HB0463.html,HB 463,Schools & Education,"Passed House; passed Senate; referred to House file, 03/03/2023"
Utah,https://le.utah.gov/~2023/bills/static/HB0209.html,HB 209,Schools & Education,"Governor signed, 03/17/2023"
Utah,https://le.utah.gov/~2023/bills/static/SB0039.html,SB 39,Accurate IDs,"Governor signed, 03/15/2023"
Utah,https://le.utah.gov/~2023/bills/static/SB0097.html,SB 97,Other Anti-LGBTQ Bills,"Governor signed, 03/14/2023"
Virginia,https://lis.virginia.gov/cgi-bin/legp604.exe?231+sum+HB2432,HB 2432,Schools & Education,"Passed House; passed by indefinitely by Senate committee, 02/16/2023"
Virginia,https://lis.virginia.gov/cgi-bin/legp604.exe?231+sum+SB1186,SB 1186,Schools & Education,"Passed by indefinitely by committee, 02/02/2023"
Virginia,https://lis.virginia.gov/cgi-bin/legp604.exe?231+sum+HB1387,HB 1387,Schools & Education,"Passed House; passed by indefinitely by Senate committee, 02/16/2023"
Virginia,https://lis.virginia.gov/cgi-bin/legp604.exe?231+sum+HB1434,HB 1434,Schools & Education,"Subcommittee recommends laying on table, 01/25/2023"
Virginia,https://lis.virginia.gov/cgi-bin/legp604.exe?231+sum+HB2170,HB 2170,Schools & Education,"Subcommittee recommends laying on table, 01/27/2023"
Virginia,https://lis.virginia.gov/cgi-bin/legp604.exe?231+sum+HB1399,HB 1399,Schools & Education,"Assigned to subcommittee, 01/20/2023"
Virginia,https://lis.virginia.gov/cgi-bin/legp604.exe?231+sum+SB962,SB 962,Schools & Education,"Passed by indefinitely by committee, 02/02/2023"
Virginia,https://lis.virginia.gov/cgi-bin/legp604.exe?231+sum+SB911,SB 911,Schools & Education,"Incorporated into SB 1186, 02/02/2023"
Virginia,https://lis.virginia.gov/cgi-bin/legp604.exe?231+sum+HB1707,HB 1707,Schools & Education,"Incorporated by committee into HB 2432, 02/03/2023"
Virginia,https://lis.virginia.gov/cgi-bin/legp604.exe?231+sum+SB1203,SB 1203,Healthcare,"Incorporated by committee into SB 791, 02/02/2023"
Virginia,https://lis.virginia.gov/cgi-bin/legp604.exe?231+sum+SB960,SB 960,Schools & Education,"Passed by indefinitely by committee, 02/02/2023"
Virginia,https://lis.virginia.gov/cgi-bin/legp604.exe?231+sum+SB791,SB 791,Healthcare,"Passed by indefinitely by committee, 02/02/2023"
Washington,https://apps.leg.wa.gov/billsummary?BillNumber=1233&Year=2023&Initiative=false,HB 1223,Other Anti-LGBTQ Bills,"Referred to committee, 01/11/2023"
Washington,https://apps.leg.wa.gov/billsummary?BillNumber=5653&Year=2023&Initiative=false,SB 5653,Schools & Education,"Referred to committee, 02/01/2023"
West Virginia,http://www.wvlegislature.gov/Bill_Status/Bills_history.cfm?input=103&year=2023&sessiontype=RS&btype=bill,SB 103,Free Speech & Expression,"Referred to committee, 01/11/2023"
West Virginia,http://www.wvlegislature.gov/Bill_Status/Bills_history.cfm?input=253&year=2023&sessiontype=RS&btype=bill,SB 253,Free Speech & Expression,"Referred to committee, 01/17/2023"
West Virginia,http://www.wvlegislature.gov/Bill_Status/Bills_history.cfm?input=3097&year=2023&sessiontype=RS&btype=bill,HB 3097,Healthcare,"Referred to committee, 01/27/2023"
West Virginia,http://www.wvlegislature.gov/Bill_Status/bills_history.cfm?INPUT=2007&year=2023&sessiontype=RS,HB 2007,Healthcare,"Passed Senate and House; transmitted to Governor, 03/22/2023"
West Virginia,http://www.wvlegislature.gov/Bill_Status/Bills_history.cfm?input=3001&year=2023&sessiontype=RS&btype=bill,HB 3001,Schools & Education,"Referred to committee, 01/24/2023"
West Virginia,http://www.wvlegislature.gov/Bill_Status/Bills_history.cfm?input=3042&year=2023&sessiontype=RS&btype=bill,HB 3042,Civil Rights,"Governor signed, 03/09/2023"
West Virginia,http://www.wvlegislature.gov/Bill_Status/Bills_history.cfm?input=517&year=2023&sessiontype=RS&btype=bill,SB 517,Civil Rights,"Referred to committee, 01/30/2023"
West Virginia,http://www.wvlegislature.gov/Bill_Status/Bills_history.cfm?input=3183&year=2023&sessiontype=RS&btype=bill,HB 3183,Schools & Education,"Referred to committee, 01/31/2023"
West Virginia,http://www.wvlegislature.gov/Bill_Status/Bills_history.cfm?input=3176&year=2023&sessiontype=RS&btype=bill,HB 3176,Schools & Education,"Referred to committee, 01/31/2023"
West Virginia,http://www.wvlegislature.gov/Bill_Status/Bills_history.cfm?input=3503&year=2023&sessiontype=RS&btype=bill,HB 3503,Other Anti-LGBTQ Bills,"Referred to committee, 02/14/2023"
West Virginia,http://www.wvlegislature.gov/Bill_Status/Bills_history.cfm?input=692&year=2023&sessiontype=RS&btype=bill,SB 692,Schools & Education,"Referred to committee, 02/20/2023"
West Virginia,http://www.wvlegislature.gov/Bill_Status/Bills_history.cfm?input=697&year=2023&sessiontype=RS&btype=bill,SB 697,Healthcare,"Referred to committee, 02/20/2023"
Wyoming,https://wyoleg.gov/Legislation/2023/HB0187,HB 187,Schools & Education,"Did not consider for introduction, 01/31/2023"
Wyoming,https://wyoleg.gov/Legislation/2023/SF0111,SF 111,Healthcare,"Passed Senate; House did not consider for introduction, 02/24/2023"
Wyoming,https://wyoleg.gov/Legislation/2023/SF0117,SF 117,Schools & Education,"Passed Senate; House did not consider for introduction, 02/24/2023"
Wyoming,https://wyoleg.gov/Legislation/2023/HB0262,HB 262,Civil Rights,"Died in committee, 02/07/2023"
Wyoming,https://wyoleg.gov/Legislation/2023/SF0133,SF 133,Schools & Education,"Became act without Governor’s signature, 03/17/2023"
Wyoming,https://wyoleg.gov/Legislation/2023/SF0144,SF 144,Healthcare,"Passed Senate; House Committee of the Whole did not consider, 02/27/2023"
